{
  "point1": {
    "x_cord": 0.4661557405152277,
    "y_cord": 0.011709186875787578,
    "orientation": -7.29827373636713
  },
  "point2": {
    "x_cord": 1.1682372897223117,
    "y_cord": -0.10427904523156392,
    "orientation": 179.42232713660263
  },
  "point3": {
    "x_cord": 1.1038737250655681,
    "y_cord": -0.8930732820865896,
    "orientation": -177.72668167297886
  },
  "point4": {
    "x_cord": 0.11264585233859384,
    "y_cord": -0.8127187369834614,
    "orientation": 176.99976033073878
  },
  "point5": {
    "x_cord": 0.03139485202232681,
    "y_cord": -1.6474421953325522,
    "orientation": -179.63774612447156
  },
  "point6": {
    "x_cord": -0.3118718331869006,
    "y_cord": -2.4359666611844424,
    "orientation": -0.24880948611520015
  },
  "point7": {
    "x_cord": 0.9128917948909505,
    "y_cord": -2.5678102187673133,
    "orientation": -179.3038219302209
  },
  "point8": {
    "x_cord": 1.1828451612229132,
    "y_cord": -1.7589754594233789,
    "orientation": 0.23125216314352864
  },
  "point9": {
    "x_cord": 2.727423241283035,
    "y_cord": -1.7494270986636478,
    "orientation": 92.18280009781239
  },
  "point10": {
    "x_cord": -0.1895734914062412,
    "y_cord": -0.7699511093112397,
    "orientation": -2.723623567437308
  },
  "point11": {
    "x_cord": 2.762413124604881,
    "y_cord": -1.2147255025473436,
    "orientation": 90.04061047822142
  }
}