{
  "point1": {
    "x_cord": 0.45086439929913524,
    "y_cord": 0.0021025120423771165,
    "orientation": 0.47857271585451167
  },
  "point2": {
    "x_cord": 0.4972924367271103,
    "y_cord": 1.0986068029645677,
    "orientation": 91.91184384486473
  },
  "point3": {
    "x_cord": 1.437975228242128,
    "y_cord": 1.0875068779223134,
    "orientation": 4.579263116499714
  },
  "point4": {
    "x_cord": 0.14958461140530302,
    "y_cord": 0.7490440206630493,
    "orientation": -175.0961477814045
  },
  "point5": {
    "x_cord": null,
    "y_cord": null,
    "orientation": null
  },
  "point6": {
    "x_cord": null,
    "y_cord": null,
    "orientation": null
  },
  "point7": {
    "x_cord": null,
    "y_cord": null,
    "orientation": null
  },
  "point8": {
    "x_cord": null,
    "y_cord": null,
    "orientation": null
  },
  "point9": {
    "x_cord": null,
    "y_cord": null,
    "orientation": null
  },
  "point10": {
    "x_cord": null,
    "y_cord": null,
    "orientation": null
  }
}