{
  "point1": {
    "x_cord": 0.5531718228584627,
    "y_cord": 0.11835353245952704,
    "orientation": 7.699328909023184
  },
  "point2": {
    "x_cord": 0.56879105179793,
    "y_cord": 1.2049316173880007,
    "orientation": 95.9808036143492
  },
  "point3": {
    "x_cord": 1.3999437031802124,
    "y_cord": 1.178600510691632,
    "orientation": 1.8725533927443607
  },
  "point4": {
    "x_cord": 0.14958461140530302,
    "y_cord": 0.7490440206630493,
    "orientation": -175.0961477814045
  },
  "point5": {
    "x_cord": null,
    "y_cord": null,
    "orientation": null
  },
  "point6": {
    "x_cord": null,
    "y_cord": null,
    "orientation": null
  },
  "point7": {
    "x_cord": null,
    "y_cord": null,
    "orientation": null
  },
  "point8": {
    "x_cord": null,
    "y_cord": null,
    "orientation": null
  },
  "point9": {
    "x_cord": null,
    "y_cord": null,
    "orientation": null
  },
  "point10": {
    "x_cord": null,
    "y_cord": null,
    "orientation": null
  }
}